[SUPPLY] INVUPDT02 | RC: 0008 | Runtime: 1.1s | Status: FAILED
[IT] BACKUP04 | RC: 0004 | Runtime: 2.3s | Status: FAILED
[IT] DBMAINT06 | RC: 0016 | Runtime: 8.4s | Status: FAILED
[HR] RPTGEN09 | RC: 0008 | Runtime: 2.9s | Status: FAILED
[OPERATIONS] CUSTUPDT13 | RC: 0004 | Runtime: 2.2s | Status: FAILED
[SECURITY] SECCHK16 | RC: 0008 | Runtime: 0.7s | Status: FAILED
[ACCOUNTING] ACCREC19 | RC: 0004 | Runtime: 3.1s | Status: FAILED
[IT] DATAMIG20 | RC: 0012 | Runtime: 11.4s | Status: FAILED
[FINANCE] TAXCALC25 | RC: 0008 | Runtime: 6.8s | Status: FAILED
[SUPPLY] ORDPROC28 | RC: 0004 | Runtime: 2.0s | Status: FAILED
[FINANCE] BILGEN32 | RC: 0016 | Runtime: 5.0s | Status: FAILED
[ACCOUNTING] ACCREC35 | RC: 0008 | Runtime: 3.4s | Status: FAILED
[HR] RPTGEN38 | RC: 0004 | Runtime: 2.7s | Status: FAILED
[IT] BACKUP42 | RC: 0008 | Runtime: 3.9s | Status: FAILED
[HR] HRPROC45 | RC: 0012 | Runtime: 3.3s | Status: FAILED
[SECURITY] SECCHK47 | RC: 0004 | Runtime: 0.6s | Status: FAILED
[IT] DBMAINT52 | RC: 0004 | Runtime: 6.9s | Status: FAILED
[COMPLIANCE] RPTGEN54 | RC: 0008 | Runtime: 5.2s | Status: FAILED
[SUPPLY] ORDPROC58 | RC: 0016 | Runtime: 2.1s | Status: FAILED
[ACCOUNTING] GLEDGER61 | RC: 0012 | Runtime: 5.5s | Status: FAILED
[IT] DATAMIG65 | RC: 0008 | Runtime: 12.3s | Status: FAILED
[OPERATIONS] CUSTUPDT67 | RC: 0004 | Runtime: 2.4s | Status: FAILED
[FINANCE] TAXCALC71 | RC: 0004 | Runtime: 7.0s | Status: FAILED
[HR] HRPROC75 | RC: 0008 | Runtime: 3.2s | Status: FAILED
[COMPLIANCE] AUDIT78 | RC: 0016 | Runtime: 4.0s | Status: FAILED
[IT] NETMON81 | RC: 0004 | Runtime: 1.1s | Status: FAILED
[FINANCE] PAYROLL84 | RC: 0008 | Runtime: 3.5s | Status: FAILED
[SUPPLY] ORDPROC89 | RC: 0012 | Runtime: 2.2s | Status: FAILED
[ACCOUNTING] GLEDGER92 | RC: 0004 | Runtime: 5.3s | Status: FAILED
[SECURITY] SECCHK96 | RC: 0008 | Runtime: 0.8s | Status: FAILED
[OPERATIONS] CUSTUPDT99 | RC: 0016 | Runtime: 2.3s | Status: FAILED
[SUPPLY] INVUPDT102 | RC: 0004 | Runtime: 1.4s | Status: FAILED
[HR] RPTGEN104 | RC: 0008 | Runtime: 3.0s | Status: FAILED
[COMPLIANCE] AUDIT109 | RC: 0004 | Runtime: 3.7s | Status: FAILED
[IT] DATAMIG111 | RC: 0012 | Runtime: 13.1s | Status: FAILED
[IT] DBMAINT116 | RC: 0008 | Runtime: 7.5s | Status: FAILED
[HR] HRPROC121 | RC: 0016 | Runtime: 3.1s | Status: FAILED
[IT] NETMON124 | RC: 0004 | Runtime: 1.0s | Status: FAILED
[ACCOUNTING] ACCREC129 | RC: 0008 | Runtime: 3.6s | Status: FAILED
[FINANCE] PAYROLL131 | RC: 0004 | Runtime: 3.0s | Status: FAILED
[FINANCE] TAXCALC134 | RC: 0008 | Runtime: 6.4s | Status: FAILED
[SUPPLY] ORDPROC136 | RC: 0004 | Runtime: 1.9s | Status: FAILED
[IT] DBMAINT139 | RC: 0012 | Runtime: 8.2s | Status: FAILED
[FINANCE] BILGEN142 | RC: 0016 | Runtime: 4.8s | Status: FAILED
[SECURITY] SECCHK143 | RC: 0004 | Runtime: 0.7s | Status: FAILED
[OPERATIONS] CUSTUPDT146 | RC: 0008 | Runtime: 2.5s | Status: FAILED
[COMPLIANCE] RPTGEN151 | RC: 0004 | Runtime: 4.9s | Status: FAILED
[IT] BACKUP154 | RC: 0008 | Runtime: 3.6s | Status: FAILED
[COMPLIANCE] AUDIT157 | RC: 0012 | Runtime: 4.8s | Status: FAILED
[ACCOUNTING] ACCREC161 | RC: 0004 | Runtime: 2.7s | Status: FAILED
[IT] NETMON164 | RC: 0016 | Runtime: 0.8s | Status: FAILED
[HR] RPTGEN167 | RC: 0008 | Runtime: 3.3s | Status: FAILED
[HR] HRPROC169 | RC: 0004 | Runtime: 3.0s | Status: FAILED
[IT] DATAMIG173 | RC: 0008 | Runtime: 12.0s | Status: FAILED
[ACCOUNTING] ACCREC176 | RC: 0012 | Runtime: 3.8s | Status: FAILED
[FINANCE] PAYROLL178 | RC: 0008 | Runtime: 3.4s | Status: FAILED
[SUPPLY] INVUPDT180 | RC: 0004 | Runtime: 1.4s | Status: FAILED
[SUPPLY] ORDPROC183 | RC: 0016 | Runtime: 2.3s | Status: FAILED
[IT] DBMAINT186 | RC: 0004 | Runtime: 7.1s | Status: FAILED
[ACCOUNTING] GLEDGER187 | RC: 0008 | Runtime: 4.8s | Status: FAILED
[SECURITY] SECCHK191 | RC: 0012 | Runtime: 0.7s | Status: FAILED
[FINANCE] TAXCALC197 | RC: 0008 | Runtime: 7.4s | Status: FAILED
[SUPPLY] ORDPROC199 | RC: 0004 | Runtime: 1.8s | Status: FAILED[SUPPLY] INVUPDT02 | RC: 0008 | Runtime: 1.1s | Status: FAILED
[IT] BACKUP04 | RC: 0004 | Runtime: 2.3s | Status: FAILED
[IT] DBMAINT06 | RC: 0016 | Runtime: 8.4s | Status: FAILED
[HR] RPTGEN09 | RC: 0008 | Runtime: 2.9s | Status: FAILED
[OPERATIONS] CUSTUPDT13 | RC: 0004 | Runtime: 2.2s | Status: FAILED
[SECURITY] SECCHK16 | RC: 0008 | Runtime: 0.7s | Status: FAILED
[ACCOUNTING] ACCREC19 | RC: 0004 | Runtime: 3.1s | Status: FAILED
[IT] DATAMIG20 | RC: 0012 | Runtime: 11.4s | Status: FAILED
[FINANCE] TAXCALC25 | RC: 0008 | Runtime: 6.8s | Status: FAILED
[SUPPLY] ORDPROC28 | RC: 0004 | Runtime: 2.0s | Status: FAILED
[FINANCE] BILGEN32 | RC: 0016 | Runtime: 5.0s | Status: FAILED
[ACCOUNTING] ACCREC35 | RC: 0008 | Runtime: 3.4s | Status: FAILED
[HR] RPTGEN38 | RC: 0004 | Runtime: 2.7s | Status: FAILED
[IT] BACKUP42 | RC: 0008 | Runtime: 3.9s | Status: FAILED
[HR] HRPROC45 | RC: 0012 | Runtime: 3.3s | Status: FAILED
[SECURITY] SECCHK47 | RC: 0004 | Runtime: 0.6s | Status: FAILED
[IT] DBMAINT52 | RC: 0004 | Runtime: 6.9s | Status: FAILED
[COMPLIANCE] RPTGEN54 | RC: 0008 | Runtime: 5.2s | Status: FAILED
[SUPPLY] ORDPROC58 | RC: 0016 | Runtime: 2.1s | Status: FAILED
[ACCOUNTING] GLEDGER61 | RC: 0012 | Runtime: 5.5s | Status: FAILED
[IT] DATAMIG65 | RC: 0008 | Runtime: 12.3s | Status: FAILED
[OPERATIONS] CUSTUPDT67 | RC: 0004 | Runtime: 2.4s | Status: FAILED
[FINANCE] TAXCALC71 | RC: 0004 | Runtime: 7.0s | Status: FAILED
[HR] HRPROC75 | RC: 0008 | Runtime: 3.2s | Status: FAILED
[COMPLIANCE] AUDIT78 | RC: 0016 | Runtime: 4.0s | Status: FAILED
[IT] NETMON81 | RC: 0004 | Runtime: 1.1s | Status: FAILED
[FINANCE] PAYROLL84 | RC: 0008 | Runtime: 3.5s | Status: FAILED
[SUPPLY] ORDPROC89 | RC: 0012 | Runtime: 2.2s | Status: FAILED
[ACCOUNTING] GLEDGER92 | RC: 0004 | Runtime: 5.3s | Status: FAILED
[SECURITY] SECCHK96 | RC: 0008 | Runtime: 0.8s | Status: FAILED
[OPERATIONS] CUSTUPDT99 | RC: 0016 | Runtime: 2.3s | Status: FAILED
[SUPPLY] INVUPDT102 | RC: 0004 | Runtime: 1.4s | Status: FAILED
[HR] RPTGEN104 | RC: 0008 | Runtime: 3.0s | Status: FAILED
[COMPLIANCE] AUDIT109 | RC: 0004 | Runtime: 3.7s | Status: FAILED
[IT] DATAMIG111 | RC: 0012 | Runtime: 13.1s | Status: FAILED
[IT] DBMAINT116 | RC: 0008 | Runtime: 7.5s | Status: FAILED
[HR] HRPROC121 | RC: 0016 | Runtime: 3.1s | Status: FAILED
[IT] NETMON124 | RC: 0004 | Runtime: 1.0s | Status: FAILED
[ACCOUNTING] ACCREC129 | RC: 0008 | Runtime: 3.6s | Status: FAILED
[FINANCE] PAYROLL131 | RC: 0004 | Runtime: 3.0s | Status: FAILED
[FINANCE] TAXCALC134 | RC: 0008 | Runtime: 6.4s | Status: FAILED
[SUPPLY] ORDPROC136 | RC: 0004 | Runtime: 1.9s | Status: FAILED
[IT] DBMAINT139 | RC: 0012 | Runtime: 8.2s | Status: FAILED
[FINANCE] BILGEN142 | RC: 0016 | Runtime: 4.8s | Status: FAILED
[SECURITY] SECCHK143 | RC: 0004 | Runtime: 0.7s | Status: FAILED
[OPERATIONS] CUSTUPDT146 | RC: 0008 | Runtime: 2.5s | Status: FAILED
[COMPLIANCE] RPTGEN151 | RC: 0004 | Runtime: 4.9s | Status: FAILED
[IT] BACKUP154 | RC: 0008 | Runtime: 3.6s | Status: FAILED
[COMPLIANCE] AUDIT157 | RC: 0012 | Runtime: 4.8s | Status: FAILED
[ACCOUNTING] ACCREC161 | RC: 0004 | Runtime: 2.7s | Status: FAILED
[IT] NETMON164 | RC: 0016 | Runtime: 0.8s | Status: FAILED
[HR] RPTGEN167 | RC: 0008 | Runtime: 3.3s | Status: FAILED
[HR] HRPROC169 | RC: 0004 | Runtime: 3.0s | Status: FAILED
[IT] DATAMIG173 | RC: 0008 | Runtime: 12.0s | Status: FAILED
[ACCOUNTING] ACCREC176 | RC: 0012 | Runtime: 3.8s | Status: FAILED
[FINANCE] PAYROLL178 | RC: 0008 | Runtime: 3.4s | Status: FAILED
[SUPPLY] INVUPDT180 | RC: 0004 | Runtime: 1.4s | Status: FAILED
[SUPPLY] ORDPROC183 | RC: 0016 | Runtime: 2.3s | Status: FAILED
[IT] DBMAINT186 | RC: 0004 | Runtime: 7.1s | Status: FAILED
[ACCOUNTING] GLEDGER187 | RC: 0008 | Runtime: 4.8s | Status: FAILED
[SECURITY] SECCHK191 | RC: 0012 | Runtime: 0.7s | Status: FAILED
[FINANCE] TAXCALC197 | RC: 0008 | Runtime: 7.4s | Status: FAILED
[SUPPLY] ORDPROC199 | RC: 0004 | Runtime: 1.8s | Status: FAILED