[FINANCE] PAYROLL01 | RC: 0000 | Runtime: 3.2s | Status: SUCCESS
[FINANCE] RPTGEN03 | RC: 0000 | Runtime: 5.7s | Status: SUCCESS
[FINANCE] PAYROLL05 | RC: 0000 | Runtime: 3.0s | Status: SUCCESS
[SUPPLY] INVUPDT07 | RC: 0000 | Runtime: 1.4s | Status: SUCCESS
[COMPLIANCE] AUDIT08 | RC: 0000 | Runtime: 4.1s | Status: SUCCESS
[IT] BACKUP10 | RC: 0000 | Runtime: 3.3s | Status: SUCCESS
[FINANCE] TAXCALC11 | RC: 0000 | Runtime: 6.1s | Status: SUCCESS
[ACCOUNTING] GLEDGER12 | RC: 0000 | Runtime: 4.8s | Status: SUCCESS
[SUPPLY] ORDPROC14 | RC: 0000 | Runtime: 1.9s | Status: SUCCESS
[HR] HRPROC15 | RC: 0000 | Runtime: 3.5s | Status: SUCCESS
[IT] ARCHIV17 | RC: 0000 | Runtime: 9.2s | Status: SUCCESS
[FINANCE] BILGEN18 | RC: 0000 | Runtime: 5.3s | Status: SUCCESS
[FINANCE] PAYROLL21 | RC: 0000 | Runtime: 3.3s | Status: SUCCESS
[IT] NETMON22 | RC: 0000 | Runtime: 0.9s | Status: SUCCESS
[COMPLIANCE] RPTGEN23 | RC: 0000 | Runtime: 4.4s | Status: SUCCESS
[SUPPLY] INVUPDT24 | RC: 0000 | Runtime: 1.7s | Status: SUCCESS
[IT] BACKUP26 | RC: 0000 | Runtime: 4.0s | Status: SUCCESS
[ACCOUNTING] GLEDGER27 | RC: 0000 | Runtime: 5.1s | Status: SUCCESS
[COMPLIANCE] AUDIT29 | RC: 0000 | Runtime: 3.8s | Status: SUCCESS
[HR] HRPROC30 | RC: 0000 | Runtime: 2.6s | Status: SUCCESS
[IT] DBMAINT31 | RC: 0000 | Runtime: 7.3s | Status: SUCCESS
[OPERATIONS] CUSTUPDT33 | RC: 0000 | Runtime: 2.8s | Status: SUCCESS
[SECURITY] SECCHK34 | RC: 0000 | Runtime: 0.8s | Status: SUCCESS
[IT] DATAMIG36 | RC: 0000 | Runtime: 10.2s | Status: SUCCESS
[FINANCE] PAYROLL37 | RC: 0000 | Runtime: 3.1s | Status: SUCCESS
[SUPPLY] INVUPDT39 | RC: 0000 | Runtime: 1.5s | Status: SUCCESS
[IT] NETMON40 | RC: 0000 | Runtime: 1.0s | Status: SUCCESS
[FINANCE] TAXCALC41 | RC: 0000 | Runtime: 7.2s | Status: SUCCESS
[ACCOUNTING] GLEDGER43 | RC: 0000 | Runtime: 4.6s | Status: SUCCESS
[SUPPLY] ORDPROC44 | RC: 0000 | Runtime: 1.8s | Status: SUCCESS
[COMPLIANCE] AUDIT46 | RC: 0000 | Runtime: 4.3s | Status: SUCCESS
[IT] ARCHIV48 | RC: 0000 | Runtime: 8.7s | Status: SUCCESS
[FINANCE] BILGEN49 | RC: 0000 | Runtime: 4.9s | Status: SUCCESS
[ACCOUNTING] ACCREC50 | RC: 0000 | Runtime: 3.0s | Status: SUCCESS
[OPERATIONS] CUSTUPDT51 | RC: 0000 | Runtime: 2.5s | Status: SUCCESS
[FINANCE] PAYROLL53 | RC: 0000 | Runtime: 3.4s | Status: SUCCESS
[SUPPLY] INVUPDT55 | RC: 0000 | Runtime: 1.6s | Status: SUCCESS
[FINANCE] TAXCALC56 | RC: 0000 | Runtime: 6.5s | Status: SUCCESS
[IT] NETMON57 | RC: 0000 | Runtime: 0.8s | Status: SUCCESS
[HR] HRPROC59 | RC: 0000 | Runtime: 3.0s | Status: SUCCESS
[IT] BACKUP60 | RC: 0000 | Runtime: 4.2s | Status: SUCCESS
[COMPLIANCE] AUDIT62 | RC: 0000 | Runtime: 3.9s | Status: SUCCESS
[FINANCE] BILGEN63 | RC: 0000 | Runtime: 5.1s | Status: SUCCESS
[SECURITY] SECCHK64 | RC: 0000 | Runtime: 0.9s | Status: SUCCESS
[ACCOUNTING] ACCREC66 | RC: 0000 | Runtime: 2.8s | Status: SUCCESS
[FINANCE] PAYROLL68 | RC: 0000 | Runtime: 3.6s | Status: SUCCESS
[HR] RPTGEN69 | RC: 0000 | Runtime: 3.1s | Status: SUCCESS
[SUPPLY] INVUPDT70 | RC: 0000 | Runtime: 1.3s | Status: SUCCESS
[IT] ARCHIV72 | RC: 0000 | Runtime: 9.5s | Status: SUCCESS
[IT] DBMAINT73 | RC: 0000 | Runtime: 7.8s | Status: SUCCESS
[SUPPLY] ORDPROC74 | RC: 0000 | Runtime: 1.9s | Status: SUCCESS
[IT] BACKUP76 | RC: 0000 | Runtime: 3.7s | Status: SUCCESS
[ACCOUNTING] GLEDGER77 | RC: 0000 | Runtime: 4.9s | Status: SUCCESS
[FINANCE] BILGEN79 | RC: 0000 | Runtime: 5.4s | Status: SUCCESS
[SECURITY] SECCHK80 | RC: 0000 | Runtime: 0.7s | Status: SUCCESS
[ACCOUNTING] ACCREC82 | RC: 0000 | Runtime: 3.3s | Status: SUCCESS
[OPERATIONS] CUSTUPDT83 | RC: 0000 | Runtime: 2.7s | Status: SUCCESS
[IT] DATAMIG85 | RC: 0000 | Runtime: 11.0s | Status: SUCCESS
[SUPPLY] INVUPDT86 | RC: 0000 | Runtime: 1.8s | Status: SUCCESS
[COMPLIANCE] RPTGEN87 | RC: 0000 | Runtime: 4.7s | Status: SUCCESS
[FINANCE] TAXCALC88 | RC: 0000 | Runtime: 6.3s | Status: SUCCESS
[HR] HRPROC90 | RC: 0000 | Runtime: 3.4s | Status: SUCCESS
[IT] BACKUP91 | RC: 0000 | Runtime: 4.1s | Status: SUCCESS
[IT] DBMAINT93 | RC: 0000 | Runtime: 8.0s | Status: SUCCESS
[COMPLIANCE] AUDIT94 | RC: 0000 | Runtime: 4.2s | Status: SUCCESS
[FINANCE] BILGEN95 | RC: 0000 | Runtime: 5.6s | Status: SUCCESS
[IT] ARCHIV97 | RC: 0000 | Runtime: 9.1s | Status: SUCCESS
[ACCOUNTING] ACCREC98 | RC: 0000 | Runtime: 3.2s | Status: SUCCESS
[FINANCE] PAYROLL100 | RC: 0000 | Runtime: 3.2s | Status: SUCCESS
[IT] NETMON101 | RC: 0000 | Runtime: 0.9s | Status: SUCCESS
[FINANCE] TAXCALC103 | RC: 0000 | Runtime: 7.1s | Status: SUCCESS
[SUPPLY] ORDPROC105 | RC: 0000 | Runtime: 2.0s | Status: SUCCESS
[HR] HRPROC106 | RC: 0000 | Runtime: 3.6s | Status: SUCCESS
[IT] BACKUP107 | RC: 0000 | Runtime: 4.3s | Status: SUCCESS
[ACCOUNTING] GLEDGER108 | RC: 0000 | Runtime: 5.0s | Status: SUCCESS
[FINANCE] BILGEN110 | RC: 0000 | Runtime: 5.2s | Status: SUCCESS
[SECURITY] SECCHK112 | RC: 0000 | Runtime: 0.6s | Status: SUCCESS
[ACCOUNTING] ACCREC113 | RC: 0000 | Runtime: 2.9s | Status: SUCCESS
[OPERATIONS] CUSTUPDT114 | RC: 0000 | Runtime: 2.6s | Status: SUCCESS
[FINANCE] PAYROLL115 | RC: 0000 | Runtime: 3.3s | Status: SUCCESS
[SUPPLY] INVUPDT117 | RC: 0000 | Runtime: 1.6s | Status: SUCCESS
[FINANCE] TAXCALC118 | RC: 0000 | Runtime: 6.7s | Status: SUCCESS
[COMPLIANCE] RPTGEN119 | RC: 0000 | Runtime: 4.5s | Status: SUCCESS
[SUPPLY] ORDPROC120 | RC: 0000 | Runtime: 1.7s | Status: SUCCESS
[IT] BACKUP122 | RC: 0000 | Runtime: 3.8s | Status: SUCCESS
[ACCOUNTING] GLEDGER123 | RC: 0000 | Runtime: 4.7s | Status: SUCCESS
[COMPLIANCE] AUDIT125 | RC: 0000 | Runtime: 4.6s | Status: SUCCESS
[FINANCE] BILGEN126 | RC: 0000 | Runtime: 5.8s | Status: SUCCESS
[IT] ARCHIV127 | RC: 0000 | Runtime: 8.9s | Status: SUCCESS
[SECURITY] SECCHK128 | RC: 0000 | Runtime: 0.9s | Status: SUCCESS
[IT] DATAMIG130 | RC: 0000 | Runtime: 10.7s | Status: SUCCESS
[OPERATIONS] CUSTUPDT132 | RC: 0000 | Runtime: 2.4s | Status: SUCCESS
[SUPPLY] INVUPDT133 | RC: 0000 | Runtime: 1.5s | Status: SUCCESS
[HR] RPTGEN135 | RC: 0000 | Runtime: 2.8s | Status: SUCCESS
[HR] HRPROC137 | RC: 0000 | Runtime: 3.7s | Status: SUCCESS
[IT] BACKUP138 | RC: 0000 | Runtime: 4.4s | Status: SUCCESS
[ACCOUNTING] GLEDGER140 | RC: 0000 | Runtime: 5.2s | Status: SUCCESS
[COMPLIANCE] AUDIT141 | RC: 0000 | Runtime: 3.6s | Status: SUCCESS
[IT] NETMON144 | RC: 0000 | Runtime: 1.2s | Status: SUCCESS
[ACCOUNTING] ACCREC145 | RC: 0000 | Runtime: 3.1s | Status: SUCCESS
[FINANCE] PAYROLL147 | RC: 0000 | Runtime: 3.5s | Status: SUCCESS
[IT] DATAMIG148 | RC: 0000 | Runtime: 11.8s | Status: SUCCESS
[SUPPLY] INVUPDT149 | RC: 0000 | Runtime: 1.3s | Status: SUCCESS
[FINANCE] TAXCALC150 | RC: 0000 | Runtime: 7.3s | Status: SUCCESS
[SUPPLY] ORDPROC152 | RC: 0000 | Runtime: 2.1s | Status: SUCCESS
[HR] HRPROC153 | RC: 0000 | Runtime: 3.2s | Status: SUCCESS
[ACCOUNTING] GLEDGER155 | RC: 0000 | Runtime: 4.4s | Status: SUCCESS
[IT] ARCHIV156 | RC: 0000 | Runtime: 9.3s | Status: SUCCESS
[FINANCE] BILGEN158 | RC: 0000 | Runtime: 5.5s | Status: SUCCESS
[SECURITY] SECCHK159 | RC: 0000 | Runtime: 0.8s | Status: SUCCESS
[IT] DBMAINT160 | RC: 0000 | Runtime: 7.6s | Status: SUCCESS
[OPERATIONS] CUSTUPDT162 | RC: 0000 | Runtime: 2.9s | Status: SUCCESS
[FINANCE] PAYROLL163 | RC: 0000 | Runtime: 3.1s | Status: SUCCESS
[SUPPLY] INVUPDT165 | RC: 0000 | Runtime: 1.7s | Status: SUCCESS
[FINANCE] TAXCALC166 | RC: 0000 | Runtime: 6.9s | Status: SUCCESS
[SUPPLY] ORDPROC168 | RC: 0000 | Runtime: 1.6s | Status: SUCCESS
[IT] BACKUP170 | RC: 0000 | Runtime: 4.0s | Status: SUCCESS
[ACCOUNTING] GLEDGER171 | RC: 0000 | Runtime: 5.4s | Status: SUCCESS
[COMPLIANCE] AUDIT172 | RC: 0000 | Runtime: 3.5s | Status: SUCCESS
[FINANCE] BILGEN174 | RC: 0000 | Runtime: 5.0s | Status: SUCCESS
[SECURITY] SECCHK175 | RC: 0000 | Runtime: 0.9s | Status: SUCCESS
[OPERATIONS] CUSTUPDT177 | RC: 0000 | Runtime: 2.2s | Status: SUCCESS
[IT] ARCHIV179 | RC: 0000 | Runtime: 8.6s | Status: SUCCESS
[FINANCE] TAXCALC181 | RC: 0000 | Runtime: 6.6s | Status: SUCCESS
[COMPLIANCE] RPTGEN182 | RC: 0000 | Runtime: 4.2s | Status: SUCCESS
[HR] HRPROC184 | RC: 0000 | Runtime: 3.5s | Status: SUCCESS
[IT] BACKUP185 | RC: 0000 | Runtime: 4.5s | Status: SUCCESS
[IT] NETMON188 | RC: 0000 | Runtime: 1.1s | Status: SUCCESS
[COMPLIANCE] AUDIT189 | RC: 0000 | Runtime: 4.4s | Status: SUCCESS
[FINANCE] BILGEN190 | RC: 0000 | Runtime: 5.7s | Status: SUCCESS
[ACCOUNTING] ACCREC192 | RC: 0000 | Runtime: 3.0s | Status: SUCCESS
[IT] DATAMIG193 | RC: 0000 | Runtime: 10.4s | Status: SUCCESS
[OPERATIONS] CUSTUPDT194 | RC: 0000 | Runtime: 2.8s | Status: SUCCESS
[FINANCE] PAYROLL195 | RC: 0000 | Runtime: 3.6s | Status: SUCCESS
[SUPPLY] INVUPDT196 | RC: 0000 | Runtime: 1.9s | Status: SUCCESS
[HR] RPTGEN198 | RC: 0000 | Runtime: 2.9s | Status: SUCCESS
[HR] HRPROC200 | RC: 0000 | Runtime: 3.3s | Status: SUCCESS